{
  "version": 1,
  "trainedAt": "2026-02-26T02:44:58.691Z",
  "dataset": "archive/rvf10k",
  "featureNames": [
    "rMean",
    "gMean",
    "bMean",
    "rStd",
    "gStd",
    "bStd",
    "grayMean",
    "grayStd",
    "edgeMean",
    "edgeStd"
  ],
  "featureMean": [
    0.5253121708888744,
    0.4281786122041446,
    0.38153391719641433,
    0.245798076883765,
    0.22122379594071107,
    0.21816645834901285,
    0.4519040510200058,
    0.22229180272266036,
    0.31264663852636543,
    0.3656890184230953
  ],
  "featureStd": [
    0.11644673745678276,
    0.11149579986476255,
    0.1165925551796539,
    0.048815353513706486,
    0.04422210782283771,
    0.049175126902385104,
    0.10941561915909027,
    0.04222496079401748,
    0.06904427979788778,
    0.07616122884661494
  ],
  "weights": [
    0.06060111086053873,
    0.030589801941793955,
    -0.03656814335119415,
    0.11963079276324787,
    0.01669813252246634,
    -0.015456195437388378,
    0.03313949855165309,
    -0.025378498748174362,
    0.056863029101691366,
    0.16578183349083614
  ],
  "bias": 0.000485117589331246,
  "metrics": {
    "validAccuracy": 0.53,
    "trainCount": 1200,
    "validCount": 400,
    "epochs": 120,
    "learningRate": 0.08
  }
}